{"count":1,"self":32.237507199999996,"total":32.4481402,"children":{"InitializeActuators":{"count":3,"self":0.0015004999999999999,"total":0.0015004999999999999,"children":null},"InitializeSensors":{"count":3,"self":0.0025001999999999997,"total":0.0025001999999999997,"children":null},"AgentSendState":{"count":448,"self":0.0120047,"total":0.029507199999999997,"children":{"CollectObservations":{"count":90,"self":0.0014996999999999999,"total":0.0014996999999999999,"children":null},"WriteActionMask":{"count":90,"self":0.0005002,"total":0.0005002,"children":null},"RequestDecision":{"count":90,"self":0.0155026,"total":0.0155026,"children":null}}},"DecideAction":{"count":448,"self":0.16312279999999998,"total":0.1636229,"children":{"RayPerceptionSensor.Perceive":{"count":180,"self":0.0005001,"total":0.0005001,"children":null}}},"AgentAct":{"count":448,"self":0.013503399999999999,"total":0.013503399999999999,"children":null}},"gauges":{"CarPractice.CumulativeReward":{"count":3,"max":7.61797142,"min":-0.279999554,"runningAverage":4.96074152,"value":7.5442524,"weightedAverage":6.11867237}},"metadata":{"timer_format_version":"0.1.0","start_time_seconds":"1652882519","unity_version":"2020.3.27f1","command_line_arguments":"C:\\Program Files\\Unity\\Hub\\Editor\\2020.3.27f1\\Editor\\Unity.exe -projectpath G:\\SelfParkingCar -useHub -hubIPC -cloudEnvironment production -licensingIpc LicenseClient-mikey -hubSessionId a5506f40-d681-11ec-bd78-c39d64bda88d -accessToken TV_0mcT_qlhd1hV7l-4oruuLwecBkeyV-dPwSIyGInc005f","communication_protocol_version":"1.5.0","com.unity.ml-agents_version":"2.2.1-exp.1","scene_name":"Demo","end_time_seconds":"1652882551"}}