{"count":1,"self":166.8447232,"total":169.8447747,"children":{"InitializeActuators":{"count":3,"self":0.0019990999999999997,"total":0.0019990999999999997,"children":null},"InitializeSensors":{"count":3,"self":0.0030001999999999997,"total":0.0030001999999999997,"children":null},"AgentSendState":{"count":7907,"self":0.2245988,"total":0.2720602,"children":{"CollectObservations":{"count":2373,"self":0.018967499999999998,"total":0.018967499999999998,"children":null},"WriteActionMask":{"count":2373,"self":0.0050006999999999994,"total":0.0050006999999999994,"children":null},"RequestDecision":{"count":2373,"self":0.0234932,"total":0.0234932,"children":null}}},"DecideAction":{"count":7907,"self":2.2378535999999998,"total":2.2586844999999998,"children":{"RayPerceptionSensor.Perceive":{"count":4746,"self":0.020831,"total":0.020831,"children":null}}},"AgentAct":{"count":7907,"self":0.46181059999999996,"total":0.46181059999999996,"children":null}},"gauges":{"CarPractice.CumulativeReward":{"count":102,"max":7.40450048,"min":7.36150074,"runningAverage":7.378693,"value":7.37400055,"weightedAverage":7.3839817}},"metadata":{"timer_format_version":"0.1.0","start_time_seconds":"1647561678","unity_version":"2020.3.27f1","command_line_arguments":"C:\\Program Files\\Unity\\Hub\\Editor\\2020.3.27f1\\Editor\\Unity.exe -projectpath G:\\SelfParkingCar -useHub -hubIPC -cloudEnvironment production -licensingIpc LicenseClient-mikey -hubSessionId b18f88f0-a5cf-11ec-bf1f-996b11476f2e -accessToken fYZsPDGEvv9pRdNiesq4bmqBb13NQIj1WjtyeOyL9l8005f","communication_protocol_version":"1.5.0","com.unity.ml-agents_version":"2.2.1-exp.1","scene_name":"GettingStarted","end_time_seconds":"1647561848"}}