{"count":1,"self":199.68142079999998,"total":202.7641204,"children":{"InitializeActuators":{"count":6,"self":0.0019998,"total":0.0019998,"children":null},"InitializeSensors":{"count":6,"self":0.0025001999999999997,"total":0.0025001999999999997,"children":null},"AgentSendState":{"count":9601,"self":0.5242183,"total":0.59401629999999994,"children":{"CollectObservations":{"count":5766,"self":0.0245404,"total":0.0245404,"children":null},"WriteActionMask":{"count":5766,"self":0.010779799999999999,"total":0.010779799999999999,"children":null},"RequestDecision":{"count":5766,"self":0.034477799999999996,"total":0.034477799999999996,"children":null}}},"DecideAction":{"count":9601,"self":1.5897934999999999,"total":1.6382626999999998,"children":{"RayPerceptionSensor.Perceive":{"count":11532,"self":0.0484692,"total":0.0484692,"children":null}}},"AgentAct":{"count":9601,"self":0.844922,"total":0.844922,"children":null}},"gauges":{"CarPractice.CumulativeReward":{"count":116,"max":13.74,"min":-2.00999856,"runningAverage":6.622758,"value":4.60000038,"weightedAverage":6.032423}},"metadata":{"timer_format_version":"0.1.0","start_time_seconds":"1647273396","unity_version":"2020.3.27f1","command_line_arguments":"C:\\Program Files\\Unity\\Hub\\Editor\\2020.3.27f1\\Editor\\Unity.exe -projectpath G:\\SelfParkingCar -useHub -hubIPC -cloudEnvironment production -licensingIpc LicenseClient-mikey -hubSessionId 26535ad0-a379-11ec-ae5e-6308e6e103cf -accessToken QMYlg_4cIuYYx60kOVu9TJ-i3kDzL9UN-jyXCAefYXo005f","communication_protocol_version":"1.5.0","com.unity.ml-agents_version":"2.2.1-exp.1","scene_name":"GettingStarted","end_time_seconds":"1647273598"}}