{"count":1,"self":4699.9519232,"total":13560.8957995,"children":{"InitializeActuators":{"count":3,"self":0.0015000999999999999,"total":0.0015000999999999999,"children":null},"InitializeSensors":{"count":3,"self":0.0025001999999999997,"total":0.0025001999999999997,"children":null},"AgentSendState":{"count":5000117,"self":64.129184,"total":122.8293174,"children":{"CollectObservations":{"count":1500036,"self":4.7077583999999995,"total":4.7077582,"children":null},"WriteActionMask":{"count":1500036,"self":1.2898570999999999,"total":1.2898570999999999,"children":null},"RequestDecision":{"count":1500036,"self":5.0174512,"total":52.70252,"children":{"AgentInfo.ToProto":{"count":1500036,"self":4.9333708,"total":47.6850686,"children":{"GenerateSensorData":{"count":1500036,"self":38.329849599999996,"total":42.751697799999995,"children":{"RayPerceptionSensor.Perceive":{"count":3000072,"self":4.4218487999999994,"total":4.4218489,"children":null}}}}}}}}},"DecideAction":{"count":5000117,"self":8649.0234879999989,"total":8649.0231974999988,"children":null},"AgentAct":{"count":5000117,"self":86.8872896,"total":86.9682411,"children":{"AgentInfo.ToProto":{"count":1491,"self":0.0099778,"total":0.0809486,"children":{"GenerateSensorData":{"count":1491,"self":0.0659689,"total":0.0709708,"children":{"RayPerceptionSensor.Perceive":{"count":2982,"self":0.0050019,"total":0.0050019,"children":null}}}}}}},"AgentInfo.ToProto":{"count":48134,"self":0.30252819999999997,"total":2.1180464999999997,"children":{"GenerateSensorData":{"count":48134,"self":1.6533556999999999,"total":1.8155183,"children":{"RayPerceptionSensor.Perceive":{"count":96268,"self":0.1621626,"total":0.1621626,"children":null}}}}}},"gauges":{"CarPractice.CumulativeReward":{"count":49625,"max":7.51000071,"min":-1.23000121,"runningAverage":7.183496,"value":7.498482,"weightedAverage":7.486089}},"metadata":{"timer_format_version":"0.1.0","start_time_seconds":"1648128401","unity_version":"2020.3.27f1","command_line_arguments":"C:\\Program Files\\Unity\\Hub\\Editor\\2020.3.27f1\\Editor\\Unity.exe -projectpath G:\\SelfParkingCar -useHub -hubIPC -cloudEnvironment production -licensingIpc LicenseClient-mikey -hubSessionId 19082510-ab6a-11ec-895f-0d0d122018f8 -accessToken N4SxMgzA-UEMTwhhqLbm2HgJkf75T_RG8_x4wp-rP9k005f","communication_protocol_version":"1.5.0","com.unity.ml-agents_version":"2.2.1-exp.1","scene_name":"GettingStarted","end_time_seconds":"1648141962"}}