{"count":1,"self":201.5167744,"total":204.96281499999998,"children":{"InitializeActuators":{"count":3,"self":0.0030004999999999997,"total":0.0030004999999999997,"children":null},"InitializeSensors":{"count":3,"self":0.0040006,"total":0.0040006,"children":null},"AgentSendState":{"count":7852,"self":0.2858226,"total":0.3472694,"children":{"CollectObservations":{"count":2358,"self":0.023467,"total":0.023467,"children":null},"WriteActionMask":{"count":2358,"self":0.0074934999999999993,"total":0.0074934999999999993,"children":null},"RequestDecision":{"count":2358,"self":0.030486299999999997,"total":0.030486299999999997,"children":null}}},"DecideAction":{"count":7852,"self":2.5062979999999997,"total":2.5262824999999998,"children":{"RayPerceptionSensor.Perceive":{"count":4716,"self":0.019984599999999998,"total":0.019984599999999998,"children":null}}},"AgentAct":{"count":7852,"self":0.5644916,"total":0.5644916,"children":null}},"gauges":{"CarPractice.CumulativeReward":{"count":100,"max":7.52092361,"min":4.676265,"runningAverage":7.436375,"value":7.480448,"weightedAverage":7.4849205}},"metadata":{"timer_format_version":"0.1.0","start_time_seconds":"1647821071","unity_version":"2020.3.27f1","command_line_arguments":"C:\\Program Files\\Unity\\Hub\\Editor\\2020.3.27f1\\Editor\\Unity.exe -projectpath G:\\SelfParkingCar -useHub -hubIPC -cloudEnvironment production -licensingIpc LicenseClient-mikey -hubSessionId 576ec410-a85b-11ec-8126-0b3914fa94e6 -accessToken ipYEz316baiLKVAk22-EXYOFgXbG6diTZlugTcUkEMk005f","communication_protocol_version":"1.5.0","com.unity.ml-agents_version":"2.2.1-exp.1","scene_name":"GettingStarted","end_time_seconds":"1647821276"}}