{"count":1,"self":28.516614399999998,"total":29.189513899999998,"children":{"InitializeActuators":{"count":3,"self":0.0020008,"total":0.0020008,"children":null},"InitializeSensors":{"count":3,"self":0.005501,"total":0.005501,"children":null},"AgentSendState":{"count":1150,"self":0.027017799999999998,"total":0.0475226,"children":{"CollectObservations":{"count":537,"self":0.0030023999999999997,"total":0.0030023999999999997,"children":null},"WriteActionMask":{"count":537,"self":0.0010002,"total":0.0010002,"children":null},"RequestDecision":{"count":537,"self":0.016502199999999998,"total":0.016502199999999998,"children":null}}},"DecideAction":{"count":1150,"self":0.58743,"total":0.5919306,"children":{"RayPerceptionSensor.Perceive":{"count":1074,"self":0.0045005999999999996,"total":0.0045005999999999996,"children":null}}},"AgentAct":{"count":1150,"self":0.024943899999999998,"total":0.024943899999999998,"children":null}},"gauges":{},"metadata":{"timer_format_version":"0.1.0","start_time_seconds":"1650702169","unity_version":"2020.3.27f1","command_line_arguments":"C:\\Program Files\\Unity\\Hub\\Editor\\2020.3.27f1\\Editor\\Unity.exe -projectpath G:\\SelfParkingCar -useHub -hubIPC -cloudEnvironment production -licensingIpc LicenseClient-mikey -hubSessionId 9f4a3870-c226-11ec-9e1f-7be4e6c570f1 -accessToken NA0st45Rsd8iO8e-xom8TqIyv-l82lU1teiOyARoYRk005f","communication_protocol_version":"1.5.0","com.unity.ml-agents_version":"2.2.1-exp.1","scene_name":"GettingStarted","end_time_seconds":"1650702198"}}