{"count":1,"self":1113.4460927999999,"total":1131.3109236,"children":{"InitializeActuators":{"count":3,"self":0.0020001999999999997,"total":0.0020001999999999997,"children":null},"InitializeSensors":{"count":3,"self":0.0025004999999999997,"total":0.0025004999999999997,"children":null},"AgentSendState":{"count":46328,"self":1.6408486,"total":1.8560674,"children":{"CollectObservations":{"count":13899,"self":0.1093619,"total":0.1093619,"children":null},"WriteActionMask":{"count":13899,"self":0.024455599999999997,"total":0.024455599999999997,"children":null},"RequestDecision":{"count":13899,"self":0.0814013,"total":0.0814013,"children":null}}},"DecideAction":{"count":46328,"self":12.877729599999999,"total":12.9886246,"children":{"RayPerceptionSensor.Perceive":{"count":27798,"self":0.1108948,"total":0.1108948,"children":null}}},"AgentAct":{"count":46328,"self":3.0146243999999998,"total":3.0146243999999998,"children":null}},"gauges":{"CarPractice.CumulativeReward":{"count":457,"max":7.46893024,"min":-1.8854,"runningAverage":6.99614525,"value":7.455858,"weightedAverage":6.93265152}},"metadata":{"timer_format_version":"0.1.0","start_time_seconds":"1650543115","unity_version":"2020.3.27f1","command_line_arguments":"C:\\Program Files\\Unity\\Hub\\Editor\\2020.3.27f1\\Editor\\Unity.exe -projectpath G:\\SelfParkingCar -useHub -hubIPC -cloudEnvironment production -licensingIpc LicenseClient-mikey -hubSessionId 11240f70-c0f1-11ec-9452-6b92c880499a -accessToken sc5AmWCarEd-RUCmhmzmT8SbL3U2SJbv-bJ4gnFqDCs005f","communication_protocol_version":"1.5.0","com.unity.ml-agents_version":"2.2.1-exp.1","scene_name":"GettingStarted","end_time_seconds":"1650544246"}}