{"count":1,"self":18.5245504,"total":18.865305199999998,"children":{"InitializeActuators":{"count":6,"self":0.0025004,"total":0.0025004,"children":null},"InitializeSensors":{"count":6,"self":0.0030014,"total":0.0030014,"children":null},"AgentSendState":{"count":327,"self":0.0064995999999999995,"total":0.026004,"children":{"CollectObservations":{"count":69,"self":0.0015000999999999999,"total":0.0015000999999999999,"children":null},"WriteActionMask":{"count":69,"self":0.0005002,"total":0.0005002,"children":null},"RequestDecision":{"count":69,"self":0.017504099999999998,"total":0.017504099999999998,"children":null}}},"DecideAction":{"count":327,"self":0.30017299999999997,"total":0.30117269999999996,"children":{"RayPerceptionSensor.Perceive":{"count":138,"self":0.00099969999999999985,"total":0.00099969999999999985,"children":null}}},"AgentAct":{"count":327,"self":0.0080758,"total":0.0080758,"children":null}},"gauges":{"CarPractice.CumulativeReward":{"count":2,"max":-0.279999554,"min":-0.279999554,"runningAverage":-0.279999554,"value":-0.279999554,"weightedAverage":-0.279999554}},"metadata":{"timer_format_version":"0.1.0","start_time_seconds":"1652916698","unity_version":"2020.3.27f1","command_line_arguments":"C:\\Program Files\\Unity\\Hub\\Editor\\2020.3.27f1\\Editor\\Unity.exe -projectpath G:\\SelfParkingCar -useHub -hubIPC -cloudEnvironment production -licensingIpc LicenseClient-mikey -hubSessionId a5506f40-d681-11ec-bd78-c39d64bda88d -accessToken -8CbQMgCnBGC1zdC4QgTPix4-KwxtN0Us3nxOeN3o40005f","communication_protocol_version":"1.5.0","com.unity.ml-agents_version":"2.2.1-exp.1","scene_name":"TestingEnv_1","end_time_seconds":"1652916716"}}